customer_id,actual,predicted,probability,segment
0,0,0,0.18349786494285125,Low
1,0,1,0.518088636295597,Medium
2,0,0,0.44988957919651706,Medium
3,0,0,0.22241756235032975,Low
4,0,0,0.4720957619697388,Medium
5,0,1,0.5061341201539586,Medium
6,0,0,0.352801440978244,Medium
7,0,0,0.41936060707651884,Medium
8,1,1,0.9349292145292696,High
9,0,0,0.2705303058388096,Low
10,0,1,0.6008597119500991,Medium
11,0,1,0.5021648249901163,Medium
12,1,1,0.7192489501485692,High
13,1,1,0.5092630558048183,Medium
14,1,0,0.4699476784528993,Medium
15,0,1,0.5397697309313315,Medium
16,0,0,0.24911998729271959,Low
17,1,1,0.6177648376335191,Medium
18,0,0,0.23058138926625227,Low
19,0,0,0.21724354039447755,Low
20,1,0,0.47192604007043387,Medium
21,0,0,0.19717336671763652,Low
22,0,0,0.3910368593892551,Medium
23,1,1,0.548232749351774,Medium
24,1,1,0.5007298665620662,Medium
25,0,0,0.38839275592366496,Medium
26,1,0,0.44491066986137884,Medium
27,1,1,0.9693339390864595,High
28,0,0,0.3874173301436422,Medium
29,0,0,0.20641698607949277,Low
30,1,1,0.8256413366893907,High
31,1,1,0.9641443760138669,High
32,1,1,0.6978324968292894,Medium
33,1,0,0.3535152379782393,Medium
34,0,0,0.45920565785655243,Medium
35,1,0,0.2767027804379734,Low
36,1,1,0.7052388818396849,High
37,0,0,0.15229158443060642,Low
38,0,0,0.373727757249734,Medium
39,1,1,0.5576062419322135,Medium
40,0,0,0.39490575499911607,Medium
41,0,0,0.27509699253858055,Low
42,1,0,0.26709467004756704,Low
43,0,0,0.23232787751588346,Low
44,0,1,0.5023409692518538,Medium
45,1,1,0.7980748019939571,High
46,1,1,0.6740073136202386,Medium
47,1,0,0.35659950433838816,Medium
48,0,1,0.6329341184915833,Medium
49,1,0,0.45466958220259535,Medium
50,1,0,0.18680275794267845,Low
51,0,1,0.5043050392026419,Medium
52,0,0,0.4740639330137908,Medium
53,0,0,0.4952074444282432,Medium
54,1,1,0.8860937717100079,High
55,1,1,0.9054389148597458,High
56,1,0,0.3164302013098472,Medium
57,0,1,0.726824008808859,High
58,1,1,0.8736213923818082,High
59,1,0,0.26518258739231343,Low
60,0,0,0.3932633634057421,Medium
61,1,0,0.3255269473578857,Medium
62,0,0,0.28569833491781665,Low
63,0,0,0.20231934479349709,Low
64,1,1,0.5249787525615791,Medium
65,0,0,0.17057318970355634,Low
66,1,0,0.433962173027725,Medium
67,0,0,0.415454367371429,Medium
68,1,1,0.630103746305091,Medium
69,0,0,0.2062196555421025,Low
70,0,0,0.3782030509303266,Medium
71,0,1,0.576357585152298,Medium
72,0,1,0.5321340853336843,Medium
73,1,1,0.7384325601987924,High
74,0,0,0.2748769148440878,Low
75,1,1,0.6605400811321552,Medium
76,0,1,0.7160852687912208,High
77,0,0,0.4939364690688828,Medium
78,1,0,0.40131171897523643,Medium
79,0,0,0.27279325089653733,Low
80,1,1,0.7511143012472209,High
81,0,0,0.3307509584343755,Medium
82,1,0,0.339959001112193,Medium
83,1,1,0.7956313555425751,High
84,1,1,0.7692981188690725,High
85,0,0,0.30278380479923667,Medium
86,1,0,0.48245314970056097,Medium
87,0,0,0.21125137467395172,Low
88,1,0,0.4889715889503416,Medium
89,0,0,0.46895048706923975,Medium
90,0,0,0.3913372853843077,Medium
91,0,0,0.28891199912837645,Low
92,0,0,0.32171948150976826,Medium
93,1,1,0.7306005930740536,High
94,1,0,0.4712883096046633,Medium
95,1,1,0.8378203360799341,High
96,1,1,0.8083459320598,High
97,0,1,0.6310346440629417,Medium
98,0,0,0.27475640843792654,Low
99,0,0,0.4472116823262579,Medium
100,1,1,0.9136923779419969,High
101,0,1,0.5366417541521082,Medium
102,0,1,0.5545534662742394,Medium
103,0,1,0.7915658891241852,High
104,1,0,0.3758474416262905,Medium
105,0,0,0.3014532176143745,Medium
106,1,0,0.17639323640934362,Low
107,0,1,0.678401154920989,Medium
108,1,1,0.9286461298294971,High
109,0,0,0.4951414709803797,Medium
110,0,0,0.24053410408313822,Low
111,0,0,0.3816213942570868,Medium
112,0,0,0.48658427513645736,Medium
113,1,0,0.22617210693571024,Low
114,0,0,0.2331822572964645,Low
115,0,0,0.4534788689773777,Medium
116,0,1,0.5442696856818154,Medium
117,0,0,0.3094197071205724,Medium
118,0,0,0.3258334861041843,Medium
119,0,1,0.535523865854408,Medium
120,1,1,0.5257992851671058,Medium
121,0,0,0.15857320977456354,Low
122,0,0,0.18283414707780038,Low
123,0,0,0.41600551338125213,Medium
124,0,0,0.19108324218925837,Low
125,1,1,0.6688182014049473,Medium
126,0,0,0.327845738069964,Medium
127,0,0,0.49971795022166504,Medium
128,0,0,0.36528247306980743,Medium
129,1,0,0.4768972428698138,Medium
130,0,0,0.468475481978018,Medium
131,0,0,0.3538116886724025,Medium
132,0,0,0.36299531281218406,Medium
133,0,0,0.4457986550002059,Medium
134,0,0,0.41863973551635153,Medium
135,1,1,0.7846312511657928,High
136,0,0,0.31567599786993383,Medium
137,0,0,0.3952260538902809,Medium
138,1,0,0.4183590585199063,Medium
139,0,1,0.5087856552803043,Medium
140,0,0,0.29749367587570413,Low
141,1,0,0.48235658310674506,Medium
142,0,1,0.7884934850334483,High
143,1,1,0.5361377290055787,Medium
144,0,1,0.5543396165319059,Medium
145,0,0,0.27129658284138025,Low
146,1,1,0.5011694279234038,Medium
147,1,1,0.8677320336365739,High
148,0,0,0.09098095059488481,Low
149,1,1,0.637711020132306,Medium
150,0,1,0.6592365016941852,Medium
151,1,1,0.7374675035685776,High
152,1,1,0.8482734147443057,High
153,1,1,0.5034172842760619,Medium
154,1,1,0.6526946346240625,Medium
155,1,1,0.7646864663973413,High
156,1,0,0.4146676779725591,Medium
157,0,0,0.4448406513065757,Medium
158,1,0,0.13953621429825008,Low
159,1,1,0.5039499198445693,Medium
160,1,1,0.5479534881330891,Medium
161,0,0,0.17583905040079006,Low
162,1,1,0.5745109469079493,Medium
163,1,0,0.4736453606801304,Medium
164,0,0,0.38330441225605133,Medium
165,0,1,0.5649405608916698,Medium
166,0,0,0.1586949337126057,Low
167,0,0,0.3901995940807658,Medium
168,0,0,0.38813146115901526,Medium
169,0,1,0.5789200995788493,Medium
170,0,0,0.3319838474502485,Medium
171,0,0,0.3944671711951487,Medium
172,0,0,0.3019019379212052,Medium
173,1,1,0.5196145191472008,Medium
174,0,0,0.2909500613495135,Low
175,1,1,0.9556156609775303,High
176,0,0,0.45536184785342676,Medium
177,1,1,0.7041636221112442,High
178,0,0,0.4442708547498749,Medium
179,0,0,0.4491944931632333,Medium
180,1,1,0.9222637211693216,High
181,0,0,0.3978105336307165,Medium
182,1,0,0.49918872169533257,Medium
183,0,1,0.5010246881377104,Medium
184,1,1,0.6300276279815218,Medium
185,0,0,0.40006873377351154,Medium
186,1,1,0.546875192213589,Medium
187,0,1,0.5362016925134042,Medium
188,1,0,0.4464977417374257,Medium
189,1,1,0.8856250073627446,High
190,0,1,0.739526541837387,High
191,1,1,0.8862119090126575,High
192,0,0,0.30735749591059874,Medium
193,0,1,0.5708581843412057,Medium
194,1,0,0.48220896711255684,Medium
195,1,1,0.5488956312041611,Medium
196,1,1,0.9132887506544513,High
197,1,1,0.7938588329708229,High
198,1,0,0.45401980569738615,Medium
199,0,1,0.6814822701904335,Medium
200,0,0,0.20397246845675412,Low
201,1,0,0.39844150026381864,Medium
202,0,0,0.18432966596166286,Low
203,0,0,0.42375234655244015,Medium
204,0,0,0.36137836036000354,Medium
205,0,1,0.5456829992035467,Medium
206,1,1,0.5864788909301658,Medium
207,1,1,0.8903608154764517,High
208,0,1,0.5785384269262188,Medium
209,1,1,0.626770314400103,Medium
210,1,1,0.6749052335090024,Medium
211,0,0,0.4678520643328321,Medium
212,1,0,0.34095220435294715,Medium
213,1,1,0.6057646127192193,Medium
214,0,0,0.1978447629081068,Low
215,0,0,0.2829636537494147,Low
216,1,1,0.6649545443897806,Medium
217,1,0,0.4486475255581037,Medium
218,0,0,0.3977189454994007,Medium
219,1,1,0.6188569051594343,Medium
220,1,0,0.40771638314018616,Medium
221,0,0,0.1336677625131107,Low
222,1,1,0.683339679092891,Medium
223,1,1,0.7175633443517947,High
224,0,1,0.510593377653533,Medium
225,1,0,0.4473517976981918,Medium
226,1,1,0.9738447587379363,High
227,0,0,0.23136901796842543,Low
228,1,0,0.2955829681497093,Low
229,1,1,0.7121760348780329,High
230,1,0,0.3619914934281533,Medium
231,0,0,0.4617629165647192,Medium
232,0,1,0.8041479467733703,High
233,1,1,0.8765607157043213,High
234,0,0,0.3816574128650431,Medium
235,1,1,0.5503623303791283,Medium
236,1,0,0.3783933614538881,Medium
237,0,0,0.4772712444505445,Medium
238,1,1,0.8441070642869987,High
239,0,0,0.3264165496946281,Medium
240,0,0,0.38765883592881945,Medium
241,0,0,0.4370973825677649,Medium
242,0,0,0.2064746976374649,Low
243,0,0,0.27069861480843704,Low
244,0,0,0.35054844216001385,Medium
245,0,1,0.6136159310346753,Medium
246,0,0,0.3314528555009658,Medium
247,0,0,0.3366337185310286,Medium
248,0,0,0.17975679577113707,Low
249,0,0,0.3862337652469501,Medium
250,1,0,0.4620165880951194,Medium
251,0,0,0.4108897448432396,Medium
252,0,0,0.3199605343849521,Medium
253,1,1,0.8887907464370527,High
254,1,1,0.9308205324831577,High
255,1,1,0.7839762897722837,High
256,0,0,0.3628270793132302,Medium
257,0,0,0.4316208938000879,Medium
258,0,0,0.17651459106050313,Low
259,0,0,0.3458393915905374,Medium
260,0,0,0.34874718336522015,Medium
261,0,0,0.31560918258099413,Medium
262,1,1,0.8651623952165094,High
263,1,1,0.5517692547732675,Medium
264,1,1,0.6366127966372249,Medium
265,1,1,0.609877685085215,Medium
266,0,0,0.24127505701349847,Low
267,0,0,0.4069619181630873,Medium
268,0,1,0.748966037649324,High
269,0,0,0.4100172328464778,Medium
270,1,1,0.6277798886388164,Medium
271,1,1,0.8727671143821631,High
272,0,0,0.3534271589687437,Medium
273,0,0,0.1824404921828903,Low
274,1,0,0.35945398488377117,Medium
275,1,1,0.6367776299587695,Medium
276,1,0,0.4622228012729459,Medium
277,0,0,0.15466108144186572,Low
278,0,0,0.36304407961311824,Medium
279,1,1,0.8609955987316935,High
280,1,1,0.5102929664420435,Medium
281,0,0,0.46234061998726295,Medium
282,1,1,0.9160125685453059,High
283,0,0,0.14985920489945045,Low
284,0,0,0.2861903095722952,Low
285,1,1,0.5294595947789071,Medium
286,0,0,0.4041166499935505,Medium
287,0,0,0.3135299571418403,Medium
288,0,0,0.46710106896549425,Medium
289,0,1,0.7257487008314024,High
290,0,0,0.261372967105748,Low
291,1,0,0.3718080387481141,Medium
292,0,1,0.5626337704872916,Medium
293,0,0,0.45277757718445294,Medium
294,0,1,0.5828372943355417,Medium
295,1,1,0.8515788325763451,High
296,1,1,0.8991702972501044,High
297,0,0,0.4921937813014376,Medium
298,0,0,0.39469030099983204,Medium
299,0,1,0.5325068152772647,Medium
300,0,0,0.45812575898318286,Medium
301,1,1,0.9625582386450255,High
302,1,1,0.5890818804238098,Medium
303,1,1,0.5704359443665694,Medium
304,0,0,0.2996874371467147,Low
305,1,1,0.8515267517405075,High
306,0,0,0.2073811975734452,Low
307,0,0,0.4469809469032358,Medium
308,1,0,0.3952131940993561,Medium
309,0,1,0.7238521755406591,High
310,0,0,0.47071579929139995,Medium
311,1,0,0.493654965522093,Medium
312,1,1,0.846390555306865,High
313,0,0,0.4497243128673507,Medium
314,0,0,0.25658968984157215,Low
315,0,0,0.4869597441926539,Medium
316,1,1,0.6534327348250641,Medium
317,0,0,0.127721765504103,Low
318,1,1,0.5305000515607659,Medium
319,0,0,0.37664765558782515,Medium
320,1,1,0.8997670077741676,High
321,1,0,0.48231944449745545,Medium
322,0,0,0.40156143461605687,Medium
323,1,1,0.8156839782075522,High
324,1,1,0.770934144027136,High
325,1,1,0.7121330746649998,High
326,0,0,0.17745688636515092,Low
327,1,1,0.7387334062588198,High
328,1,1,0.9524262070000449,High
329,1,0,0.45716588837549027,Medium
330,1,1,0.610620160824986,Medium
331,1,0,0.4737887769265757,Medium
332,0,0,0.16237192191181413,Low
333,0,0,0.32672175322986036,Medium
334,0,0,0.29362598378873783,Low
335,1,1,0.6804830179960777,Medium
336,0,0,0.2937738571202167,Low
337,0,0,0.3270175541525508,Medium
338,1,0,0.3599178585975297,Medium
339,1,0,0.4912360995822409,Medium
340,1,1,0.745974789042468,High
341,1,1,0.6452015094125721,Medium
342,1,1,0.7622781261625236,High
343,0,0,0.3707237653627012,Medium
344,0,0,0.45498711506444717,Medium
345,0,0,0.4781748337505004,Medium
346,0,1,0.5153911420617765,Medium
347,1,1,0.5210218493324783,Medium
348,1,0,0.21351128154435367,Low
349,0,0,0.39359913885300735,Medium
350,1,0,0.37412927418763176,Medium
351,1,1,0.9342776331795716,High
352,1,0,0.23780207201565196,Low
353,0,0,0.4601234253171898,Medium
354,1,1,0.8988056484551957,High
355,0,0,0.14157240054013276,Low
356,0,0,0.2961334549626179,Low
357,1,1,0.8217775604695858,High
358,1,1,0.9311049250202693,High
359,1,1,0.5959929717043628,Medium
360,1,1,0.5625737908053625,Medium
361,0,0,0.4127805572428674,Medium
362,0,0,0.22690600583033987,Low
363,1,0,0.4760133289770578,Medium
364,1,0,0.3843448729602429,Medium
365,0,1,0.504755606055902,Medium
366,1,0,0.3927442477042217,Medium
367,0,0,0.2956045281443474,Low
368,1,1,0.608976246691821,Medium
369,0,1,0.519353949623131,Medium
370,1,0,0.3959229336326572,Medium
371,0,0,0.40859902255731295,Medium
372,1,1,0.8427098040392889,High
373,1,1,0.744006958291215,High
374,0,0,0.28124762235271855,Low
375,0,0,0.21571301183408997,Low
376,1,0,0.43581117680655085,Medium
377,1,0,0.4421324307151536,Medium
378,1,0,0.3053773718762333,Medium
379,1,1,0.9528231419100186,High
380,1,1,0.8240190175345892,High
381,1,0,0.4759816576230567,Medium
382,1,0,0.41596232640535385,Medium
383,0,0,0.37454832723252995,Medium
384,1,1,0.7365677257461128,High
385,1,0,0.40705193458297195,Medium
386,1,0,0.27024456939448627,Low
387,1,1,0.6557691468091472,Medium
388,0,0,0.4880104863074304,Medium
389,1,1,0.9453779143117428,High
390,1,1,0.7733111522084736,High
391,0,0,0.49761650796223034,Medium
392,0,0,0.27614652789908123,Low
393,0,1,0.5244763016857976,Medium
394,1,0,0.2733712669585776,Low
395,1,1,0.6378116552788415,Medium
396,1,1,0.6852327833378985,Medium
397,1,1,0.858540733955454,High
398,0,0,0.4529468050259948,Medium
399,0,1,0.5124236518670708,Medium
400,1,1,0.9810483809482833,High
401,1,1,0.7224919861354958,High
402,0,0,0.25807889882541835,Low
403,0,0,0.3015490574145245,Medium
404,1,1,0.6075903644556689,Medium
405,0,0,0.29259369256772577,Low
406,1,1,0.9130557329208167,High
407,0,1,0.5250217375684761,Medium
408,1,1,0.7912956452534363,High
409,1,1,0.9110743222643383,High
410,0,0,0.3861981862104526,Medium
411,0,0,0.24124327783053598,Low
412,0,1,0.5357026330275553,Medium
413,1,1,0.7525340237412174,High
414,0,0,0.22085565343376298,Low
415,0,1,0.6461197894497883,Medium
416,0,1,0.5960247231569117,Medium
417,1,1,0.6203310567890046,Medium
418,1,1,0.7226152884774526,High
419,1,1,0.8740048953303924,High
420,0,0,0.17477352636011736,Low
421,0,0,0.21187756538099958,Low
422,0,0,0.13307657166871822,Low
423,0,0,0.3991010396683546,Medium
424,1,1,0.5750969898738486,Medium
425,0,0,0.2632968267640236,Low
426,1,1,0.7373730611018396,High
427,0,0,0.46581446802634235,Medium
428,0,0,0.2098889821145617,Low
429,1,0,0.4786555519814408,Medium
430,0,0,0.49849793061413106,Medium
431,0,0,0.41581013925736543,Medium
432,0,1,0.8259355319225905,High
433,0,1,0.6122839592773041,Medium
434,0,1,0.5716844477805997,Medium
435,0,1,0.5279990621088645,Medium
436,1,1,0.5953167765691058,Medium
437,1,1,0.9161576950243291,High
438,0,0,0.30967056072158194,Medium
439,1,1,0.534045179293319,Medium
440,0,0,0.3945316994836156,Medium
441,1,1,0.7040631588895567,High
442,0,0,0.30110157444182406,Medium
443,0,1,0.766821060876316,High
444,0,0,0.41657283966286646,Medium
445,0,0,0.2895684990450388,Low
446,1,1,0.7652045934192485,High
447,0,0,0.3972110552576649,Medium
448,1,0,0.44329559899133747,Medium
449,0,0,0.3675858013506539,Medium
450,0,0,0.19872195467069412,Low
451,0,0,0.22007228563395934,Low
452,0,0,0.38027889455395314,Medium
453,0,0,0.4242813607976491,Medium
454,0,0,0.365031105804924,Medium
455,0,0,0.4503441139613206,Medium
456,1,1,0.632169040528249,Medium
457,1,0,0.38830870978051124,Medium
458,1,1,0.5441937381263408,Medium
459,1,1,0.8078476008231656,High
460,1,1,0.8955053090591262,High
461,0,0,0.2404040777804932,Low
462,0,1,0.9418474070394525,High
463,0,0,0.44745920219036744,Medium
464,1,1,0.772410716921121,High
465,1,0,0.2241087072477935,Low
466,0,0,0.2667284744437408,Low
467,0,0,0.4912798214639992,Medium
468,1,1,0.7190798454300467,High
469,0,0,0.46224568082513245,Medium
470,1,0,0.2233226629675424,Low
471,1,1,0.6133275296058657,Medium
472,1,0,0.47357573099423694,Medium
473,0,1,0.8317613608732394,High
474,1,0,0.3172133372773981,Medium
475,0,0,0.33713133083255425,Medium
476,1,1,0.8323255144612097,High
477,0,0,0.12148242676658746,Low
478,0,0,0.33594335772216194,Medium
479,0,0,0.40348451058216783,Medium
480,0,0,0.42110048007891865,Medium
481,1,1,0.8582291097825819,High
482,0,0,0.4799674934754733,Medium
483,0,1,0.8746757827008047,High
484,0,1,0.5912047664538712,Medium
485,1,0,0.4536775838119871,Medium
486,1,1,0.9106664487911221,High
487,1,1,0.5668018549403459,Medium
488,0,0,0.4939364690688828,Medium
489,1,1,0.6249195065835983,Medium
490,0,1,0.8371264728819255,High
491,0,0,0.05572336165608103,Low
492,0,1,0.9301418160726833,High
493,0,0,0.27758085874238597,Low
494,0,0,0.13934613864135267,Low
495,1,1,0.9776550092171696,High
496,1,1,0.8471110485871569,High
497,0,0,0.41988605378150673,Medium
498,0,0,0.49184367922071665,Medium
499,1,0,0.3387584147721879,Medium
500,1,1,0.8421921237465904,High
501,0,0,0.17634825947314173,Low
502,1,1,0.5153229962878938,Medium
503,0,1,0.5388983771466845,Medium
504,1,1,0.9335496426964052,High
505,0,0,0.47438237805651734,Medium
506,0,0,0.4708253703013865,Medium
507,1,1,0.8129623317315401,High
508,1,1,0.7944653241676609,High
509,0,0,0.2946918406897954,Low
510,0,0,0.09625045997456538,Low
511,1,1,0.9188276611018251,High
512,1,0,0.21877743372189448,Low
513,1,0,0.4573858217428648,Medium
514,0,1,0.5049358199092087,Medium
515,1,0,0.45928077187278205,Medium
516,0,0,0.31771241713278736,Medium
517,1,1,0.790873274304445,High
518,1,0,0.4492423818241805,Medium
519,0,1,0.5649631875096135,Medium
520,1,0,0.38506061631629174,Medium
521,1,1,0.6864231969967167,Medium
522,0,1,0.519022723399032,Medium
523,1,1,0.9124335548104939,High
524,0,0,0.44872740899212316,Medium
525,1,1,0.8172117272119536,High
526,0,1,0.7476446906550307,High
527,1,1,0.7152070068283373,High
528,1,0,0.3716431388869003,Medium
529,1,1,0.8765189227817028,High
530,0,1,0.5143416503611195,Medium
531,1,1,0.8467354897732285,High
532,0,0,0.2448684302795576,Low
533,1,1,0.7228666283501937,High
534,1,1,0.9234838208997392,High
535,0,0,0.19247793605507987,Low
536,0,0,0.4350166439839302,Medium
537,0,0,0.30957128311670257,Medium
538,1,0,0.19058359761023974,Low
539,0,0,0.4909554065316441,Medium
540,1,1,0.8551876707367562,High
541,1,1,0.6044647206597367,Medium
542,0,1,0.5613767790965808,Medium
543,1,0,0.3951459189214285,Medium
544,0,0,0.3237232086758631,Medium
545,0,1,0.7317981317089733,High
546,1,1,0.6896170678210143,Medium
547,0,0,0.2764725365552118,Low
548,1,0,0.4492190954825172,Medium
549,1,1,0.5658452358757068,Medium
550,1,0,0.2746862446079422,Low
551,0,0,0.03650720065192079,Low
552,0,0,0.41624968441081855,Medium
553,0,0,0.47366852602403847,Medium
554,0,0,0.25280880739200284,Low
555,1,0,0.48341036576240376,Medium
556,0,0,0.4693811948303728,Medium
557,0,0,0.3723774537551821,Medium
558,1,0,0.20122865881949553,Low
559,0,1,0.5112874607860183,Medium
560,1,0,0.4170274091534705,Medium
561,0,1,0.5635966544315514,Medium
562,1,1,0.5761149554226614,Medium
563,0,0,0.276729124022604,Low
564,1,1,0.8624513735871802,High
565,0,0,0.2891236287187138,Low
566,1,1,0.572169661782497,Medium
567,0,0,0.35549400480406323,Medium
568,0,0,0.18260497634950743,Low
569,1,1,0.532068530794041,Medium
570,0,0,0.4464760621994719,Medium
571,0,0,0.4550998099200136,Medium
572,0,0,0.4679563949789766,Medium
573,1,1,0.9388362276679862,High
574,1,1,0.8117225373158662,High
575,1,1,0.8408867640105029,High
576,0,0,0.38696793788452366,Medium
577,0,0,0.23954261815499164,Low
578,1,0,0.1383642100654076,Low
579,1,1,0.8408509510600091,High
580,0,1,0.8008506940763744,High
581,1,0,0.396883088788259,Medium
582,0,0,0.3921272767243347,Medium
583,1,1,0.7494871034021822,High
584,1,1,0.5365306292464457,Medium
585,1,1,0.8685684619549011,High
586,1,0,0.31202672570524137,Medium
587,1,1,0.7033808524004148,High
588,0,1,0.597082871295846,Medium
589,1,1,0.705199981296854,High
590,0,0,0.206146098028367,Low
591,1,1,0.8181807877076044,High
592,0,1,0.5947864507980086,Medium
593,0,0,0.2543201060052055,Low
594,0,1,0.5140559029800362,Medium
595,1,1,0.5996666083265081,Medium
596,0,0,0.3303412997037262,Medium
597,0,0,0.3554414558815288,Medium
598,1,1,0.6501184056676891,Medium
599,0,0,0.4414421885518007,Medium
600,1,1,0.6576444035972404,Medium
601,0,0,0.46529882044381765,Medium
602,1,1,0.7956451920783094,High
603,1,1,0.5158351590852397,Medium
604,1,1,0.679883841291402,Medium
605,0,0,0.2620601796398087,Low
606,1,0,0.31369394356509683,Medium
607,0,0,0.09523718829547469,Low
608,1,0,0.4780715253910566,Medium
609,0,0,0.32951829298886043,Medium
610,1,0,0.3622349101262759,Medium
611,0,1,0.5274951273540454,Medium
612,1,1,0.588218296472052,Medium
613,0,1,0.5244530516239606,Medium
614,0,1,0.5215626831139072,Medium
615,0,0,0.3557070764662493,Medium
616,0,1,0.8077873516447264,High
617,1,1,0.7769394220091924,High
618,0,0,0.3704539317026961,Medium
619,1,0,0.3002435455173188,Medium
620,1,0,0.45003410133452443,Medium
621,0,0,0.1805844301140697,Low
622,0,0,0.17426874587255842,Low
623,0,0,0.1869406282294862,Low
624,0,0,0.20525003799217853,Low
625,1,1,0.8476324491496037,High
626,1,0,0.20177711823849856,Low
627,0,1,0.6680110797676242,Medium
628,0,1,0.7306161755102383,High
629,1,1,0.8113522603306674,High
630,0,0,0.41293690260763793,Medium
631,1,0,0.1686169568064835,Low
632,0,0,0.32876338203467825,Medium
633,1,1,0.5760941718628672,Medium
634,0,0,0.2945420844010335,Low
635,0,0,0.2879249418747684,Low
636,0,1,0.5387495337552978,Medium
637,1,1,0.5513240181562535,Medium
638,0,0,0.4940657704421583,Medium
639,1,0,0.21549958893261456,Low
640,0,0,0.4918902256706584,Medium
641,0,1,0.5154059438052289,Medium
642,1,0,0.41132818451725695,Medium
643,0,0,0.25408204418407504,Low
644,0,0,0.4164319052945222,Medium
645,1,1,0.5218353648399077,Medium
646,1,0,0.4817364732690762,Medium
647,1,0,0.4830110457698834,Medium
648,0,0,0.26421625515284364,Low
649,0,1,0.5758023279662832,Medium
650,0,0,0.11971793542852552,Low
651,0,0,0.18655709562470452,Low
652,0,0,0.22353457689167192,Low
653,0,0,0.109094148141397,Low
654,0,1,0.5332389908313453,Medium
655,0,0,0.2459875784939724,Low
656,1,1,0.5031570119914757,Medium
657,0,0,0.47299233236714483,Medium
658,1,1,0.9161122344516084,High
659,1,1,0.5392940642035086,Medium
660,1,1,0.7320961207771669,High
661,0,0,0.158554185621292,Low
662,1,1,0.8353840469248927,High
663,1,1,0.9222493873848838,High
664,0,0,0.19700935606631492,Low
665,1,1,0.8589036414495395,High
666,0,1,0.6121604926390598,Medium
667,0,0,0.3711918500146856,Medium
668,0,0,0.3037296776080857,Medium
669,0,0,0.2886835373185147,Low
670,1,1,0.5721707315347284,Medium
671,1,1,0.6184303039303566,Medium
672,0,0,0.43796301236306323,Medium
673,0,0,0.4068526329764401,Medium
674,1,0,0.1769084789847653,Low
675,1,1,0.8691972401879365,High
676,1,0,0.26913534828294866,Low
677,0,1,0.5486274048371842,Medium
678,0,1,0.5430241896568766,Medium
679,0,0,0.3381631668171163,Medium
680,0,0,0.36117828821906367,Medium
681,1,1,0.9663359868441,High
682,1,1,0.5260137303018542,Medium
683,1,1,0.5247106734469454,Medium
684,1,0,0.3982105051608138,Medium
685,1,1,0.9603763036414826,High
686,0,0,0.4019961817325157,Medium
687,0,0,0.2824377716148779,Low
688,0,0,0.19007385628142007,Low
689,1,0,0.4460673507416633,Medium
690,1,1,0.5759758651607428,Medium
691,0,1,0.6284605368998966,Medium
692,0,0,0.4926235479953836,Medium
693,0,1,0.5235576211479056,Medium
694,1,1,0.5068447863521064,Medium
695,0,1,0.5258747367813266,Medium
696,0,0,0.39908464710101177,Medium
697,1,1,0.9019027557431996,High
698,1,1,0.5243003656355081,Medium
699,1,0,0.4501508444316476,Medium
700,1,1,0.6246722111163037,Medium
701,0,0,0.09101276996441532,Low
702,0,0,0.3581371880954525,Medium
703,1,0,0.35533208837237296,Medium
704,0,0,0.47089700330254347,Medium
705,0,0,0.36238848269999063,Medium
706,1,0,0.4216490988267049,Medium
707,1,0,0.42797193653964816,Medium
708,0,0,0.2764080981481611,Low
709,0,0,0.3550799030043434,Medium
710,0,0,0.49708159574195937,Medium
711,1,0,0.4922511682267101,Medium
712,1,1,0.6803533991559336,Medium
713,1,0,0.4161166035538628,Medium
714,1,1,0.7163603655224577,High
715,1,1,0.8348164921054384,High
716,1,0,0.4705565642979494,Medium
717,1,0,0.3374529027013606,Medium
718,0,0,0.23885151047323744,Low
719,1,0,0.4948799048305635,Medium
720,1,1,0.8679494194727924,High
721,1,0,0.27708091401969615,Low
722,0,0,0.32528036149013834,Medium
723,1,0,0.3329688073214029,Medium
724,1,0,0.4920121153855135,Medium
725,0,1,0.5932301941183714,Medium
726,1,0,0.19158468232482603,Low
727,1,1,0.5758667106012507,Medium
728,1,0,0.4669439540941148,Medium
729,0,0,0.14300837595621327,Low
730,1,1,0.6671572365267275,Medium
731,0,0,0.15348077210114416,Low
732,0,1,0.5978783213749499,Medium
733,1,0,0.2730649339864521,Low
734,1,1,0.7565084182785083,High
735,0,0,0.4958750959209381,Medium
736,1,0,0.12475085003285834,Low
737,1,0,0.34677042902371524,Medium
738,0,1,0.5396305177590937,Medium
739,1,0,0.45990708686812964,Medium
740,1,0,0.3638559370332176,Medium
741,0,0,0.1852076917682765,Low
742,1,1,0.8960834439386876,High
743,1,0,0.35394902465100037,Medium
744,1,1,0.877522268479934,High
745,1,1,0.9587000380528918,High
746,1,1,0.7278204359484841,High
747,1,0,0.20403552065022523,Low
748,0,0,0.2960173492710057,Low
749,0,0,0.3699476334921888,Medium
750,1,1,0.6342821518417274,Medium
751,0,0,0.39435041934734677,Medium
752,1,1,0.5442098348516351,Medium
753,0,0,0.2712970898011593,Low
754,0,1,0.6958580564493781,Medium
755,1,1,0.8355297880630818,High
756,1,0,0.39347482390881394,Medium
757,0,0,0.4366695976260676,Medium
758,1,1,0.7571565012458784,High
759,1,0,0.49411770761501883,Medium
760,0,0,0.20086709695186325,Low
761,1,1,0.5539004515013528,Medium
762,1,1,0.7245545883039827,High
763,0,0,0.43932186818108787,Medium
764,0,1,0.51995562708567,Medium
765,1,1,0.5952284452742582,Medium
766,1,1,0.6903591351281687,Medium
767,0,0,0.18400583523486513,Low
768,1,0,0.16560276548851544,Low
769,0,0,0.2698524264218976,Low
770,0,0,0.4897097397697587,Medium
771,0,1,0.546762069996026,Medium
772,1,1,0.7794159728698251,High
773,1,1,0.8145976503169139,High
774,1,0,0.4903389179466528,Medium
775,1,0,0.2307573840474126,Low
776,0,0,0.16602321191833314,Low
777,0,0,0.28435349731385423,Low
778,1,0,0.4222761560135839,Medium
779,0,0,0.21498711594091058,Low
780,1,0,0.39951501585253674,Medium
781,0,0,0.4042402381600512,Medium
782,1,1,0.8959662325216834,High
783,0,0,0.45976495906715126,Medium
784,0,0,0.4438523560778815,Medium
785,1,1,0.9525059764702032,High
786,0,0,0.4480218066284196,Medium
787,0,0,0.3811284256633416,Medium
788,1,0,0.45298518887519446,Medium
789,0,0,0.37518831882706655,Medium
790,1,1,0.6175231053023378,Medium
791,0,0,0.4787764607936826,Medium
792,1,0,0.4525807453394747,Medium
793,0,1,0.5352758922821741,Medium
794,0,1,0.8147781808937835,High
795,0,0,0.18390425790984105,Low
796,0,0,0.20025852775707784,Low
797,1,1,0.6398643695114031,Medium
798,1,1,0.7417090542767242,High
799,0,0,0.21063526863427326,Low
800,0,0,0.3625586832497117,Medium
801,1,1,0.6367684658106513,Medium
802,1,1,0.8159780074209452,High
803,0,0,0.25451257057456117,Low
804,1,0,0.3580018922361787,Medium
805,0,1,0.6031958622951643,Medium
806,1,1,0.6939248457888405,Medium
807,0,0,0.19638578962854408,Low
808,0,0,0.2734403969491167,Low
809,0,0,0.42126189154269644,Medium
810,0,0,0.14362365738928362,Low
811,1,0,0.14407375611695883,Low
812,0,0,0.4446431692908435,Medium
813,1,1,0.5805583071888957,Medium
814,0,0,0.1696765346533013,Low
815,0,0,0.4783889797796596,Medium
816,0,0,0.35381479527706844,Medium
817,1,1,0.5867354288735804,Medium
818,1,1,0.5638207606047188,Medium
819,0,0,0.3110580374563241,Medium
820,0,1,0.6021312117565227,Medium
821,0,1,0.6690563451393173,Medium
822,0,0,0.46323098305622457,Medium
823,1,0,0.43388091757773534,Medium
824,0,0,0.37205777081043245,Medium
825,1,0,0.36141644058053385,Medium
826,0,0,0.2218528529477977,Low
827,1,0,0.4887705600229178,Medium
828,1,0,0.47719578271168867,Medium
829,1,0,0.3488950336334656,Medium
830,0,0,0.29943932691784236,Low
831,0,0,0.1896532209709842,Low
832,1,0,0.37587873703023517,Medium
833,1,1,0.6902488566421638,Medium
834,0,1,0.5677671776702092,Medium
835,0,0,0.15685335229195438,Low
836,1,1,0.8179653324318018,High
837,1,0,0.3103863459511937,Medium
838,0,0,0.3883924489226532,Medium
839,0,1,0.5254472460010675,Medium
840,0,1,0.5914856010460996,Medium
841,1,1,0.9027594406014973,High
842,1,1,0.571956212881845,Medium
843,0,0,0.47051740949218224,Medium
844,0,0,0.3788685535338098,Medium
845,0,1,0.5932990366769373,Medium
846,0,0,0.053736912147618394,Low
847,0,0,0.1402556494841006,Low
848,1,0,0.28387545215823295,Low
849,1,1,0.5504873973551936,Medium
850,1,0,0.4290175357699753,Medium
851,0,0,0.3272270653246044,Medium
852,0,0,0.4074556689374678,Medium
853,0,0,0.4306526533817023,Medium
854,1,1,0.6145443096129768,Medium
855,1,0,0.22409947351503975,Low
856,1,1,0.5287740152376562,Medium
857,1,1,0.9360015275046025,High
858,1,1,0.9195068831894534,High
859,1,0,0.4906989703055771,Medium
860,0,0,0.39414992293955686,Medium
861,0,0,0.13902309497168733,Low
862,1,1,0.8613694854293509,High
863,0,1,0.684997735770973,Medium
864,1,1,0.5406506919552924,Medium
865,0,0,0.1719515837256246,Low
866,1,0,0.21712387106261224,Low
867,1,1,0.5278375869966285,Medium
868,0,0,0.41284865896424133,Medium
869,0,1,0.9346070894182839,High
870,1,0,0.17474144785051698,Low
871,1,0,0.2090355775130665,Low
872,0,1,0.5866497209695127,Medium
873,0,0,0.03371407335018043,Low
874,0,1,0.6695946428313937,Medium
875,0,0,0.22308105071432252,Low
876,0,0,0.33366930445175563,Medium
877,1,1,0.8601592162436061,High
878,1,1,0.5017082636994418,Medium
879,0,0,0.27539591883833153,Low
880,0,0,0.45636823848440544,Medium
881,1,1,0.9290507579185897,High
882,0,0,0.1604657649135111,Low
883,0,0,0.21811833619162618,Low
884,0,0,0.38438221965168873,Medium
885,0,0,0.39783558796643,Medium
886,0,0,0.1371996868158241,Low
887,0,0,0.34359785639091905,Medium
888,1,1,0.8909438434677212,High
889,1,1,0.5610436674508585,Medium
890,1,0,0.23418497223741733,Low
891,1,0,0.4163859435444313,Medium
892,0,0,0.4671481341616456,Medium
893,1,0,0.437213999409409,Medium
894,1,1,0.7036408963935177,High
895,0,0,0.39873605086405917,Medium
896,0,0,0.16719796146964988,Low
897,0,0,0.1695084668061695,Low
898,1,1,0.950898568170583,High
899,1,1,0.8763029398064832,High
900,1,0,0.44071578414919416,Medium
901,0,0,0.04713290820935496,Low
902,1,0,0.288755343822381,Low
903,1,0,0.28784611050665704,Low
904,0,0,0.4517632961691582,Medium
905,1,0,0.31341030123144087,Medium
906,1,1,0.814792651391875,High
907,1,1,0.938153208245215,High
908,0,0,0.28952171191791093,Low
909,1,1,0.7339995129953926,High
910,1,0,0.4730398137590765,Medium
911,1,1,0.8771937217184111,High
912,0,1,0.7131223570189349,High
913,0,0,0.3024468164949002,Medium
914,0,0,0.3075226336761525,Medium
915,1,0,0.4759628690284246,Medium
916,1,1,0.6875565950386922,Medium
917,0,0,0.49879844134705176,Medium
918,0,0,0.3230941144957438,Medium
919,1,1,0.8432685412498356,High
920,1,1,0.7221209187503627,High
921,1,1,0.9419835508174372,High
922,1,1,0.9377454704416299,High
923,0,0,0.3784795676406513,Medium
924,0,1,0.9091245962371709,High
925,1,1,0.7587267967952136,High
926,1,1,0.8021421710255504,High
927,0,0,0.22203938632186243,Low
928,1,1,0.6043778818299768,Medium
929,0,0,0.3652626776967181,Medium
930,0,0,0.359177079643621,Medium
931,1,1,0.5289855541364341,Medium
932,0,0,0.10768017343099498,Low
933,1,0,0.4645718013185672,Medium
934,1,1,0.7880042039157354,High
935,1,1,0.7483442568674271,High
936,0,1,0.5000338644832768,Medium
937,0,0,0.16303429093564994,Low
938,1,1,0.9452301145355603,High
939,1,0,0.4577439089831004,Medium
940,0,0,0.4264572605808478,Medium
941,1,1,0.7681945476742363,High
942,0,0,0.0676349215902353,Low
943,0,0,0.39991244579874,Medium
944,1,1,0.6414103207310748,Medium
945,0,0,0.43716526215692997,Medium
946,0,0,0.3264104548640798,Medium
947,0,0,0.18183745576352295,Low
948,1,0,0.4742826889538669,Medium
949,0,1,0.5298865726073259,Medium
950,1,1,0.9567894145026093,High
951,0,0,0.31289630849073924,Medium
952,0,1,0.5569424268438066,Medium
953,0,0,0.29255313854758896,Low
954,1,1,0.5305668987177649,Medium
955,0,0,0.37101375785738766,Medium
956,1,1,0.6767695600876024,Medium
957,0,0,0.3228083099277721,Medium
958,1,1,0.585116335221872,Medium
959,0,0,0.19050568763926595,Low
960,1,1,0.9590054900929373,High
961,1,0,0.45463672041225794,Medium
962,1,1,0.5830174499549542,Medium
963,1,1,0.8977443977351959,High
964,0,0,0.27190237160449987,Low
965,0,0,0.2907978877502075,Low
966,0,0,0.20058571604423875,Low
967,0,1,0.5816535987325391,Medium
968,0,0,0.3830031484809614,Medium
969,0,1,0.5467715406635567,Medium
970,0,0,0.22848156742794476,Low
971,1,0,0.24518071887948073,Low
972,0,0,0.39962552427685305,Medium
973,1,0,0.49099803644575385,Medium
974,0,1,0.5053878926593843,Medium
975,1,1,0.717650178879071,High
976,0,1,0.5964230480007191,Medium
977,0,0,0.13622550434969719,Low
978,0,0,0.41156813441968987,Medium
979,1,1,0.7841864603514077,High
980,0,1,0.5307083873673986,Medium
981,1,0,0.2717573610335809,Low
982,0,0,0.3729519797410558,Medium
983,1,1,0.9230595377305936,High
984,0,0,0.20713470050638927,Low
985,0,0,0.3002091380117018,Medium
986,1,1,0.8714121637811194,High
987,0,0,0.49415570695752525,Medium
988,1,1,0.903913892006322,High
989,0,0,0.16821492927192452,Low
990,1,1,0.9428977340046811,High
991,1,1,0.6310558258871151,Medium
992,1,0,0.20303298377308043,Low
993,0,0,0.40788623382358785,Medium
994,0,1,0.5627422466564627,Medium
995,1,0,0.26314150325358315,Low
996,1,1,0.8749036933001492,High
997,0,0,0.2164723811732252,Low
998,0,0,0.39628362895532,Medium
999,0,0,0.416917572385903,Medium
1000,0,0,0.47225784530295245,Medium
1001,1,0,0.4219984351867,Medium
1002,0,0,0.35273907677992006,Medium
1003,1,1,0.6610030561223775,Medium
1004,1,0,0.3467821988217836,Medium
1005,1,0,0.26396463622907135,Low
1006,0,1,0.5174805434294077,Medium
1007,0,0,0.4412589071371277,Medium
1008,1,1,0.9327759586730948,High
1009,0,1,0.5154788586491119,Medium
1010,1,0,0.09578158023977057,Low
1011,1,1,0.8600488114085594,High
1012,0,0,0.4789363566235821,Medium
1013,0,0,0.3952232271823475,Medium
1014,1,1,0.7292614852643173,High
1015,1,1,0.8478628694355459,High
1016,1,1,0.763119120321998,High
1017,0,0,0.3519585295931355,Medium
1018,0,0,0.1904326018669321,Low
1019,1,1,0.5990726284333744,Medium
1020,0,0,0.45880983515886903,Medium
1021,1,1,0.8988337385346109,High
1022,1,1,0.5975731608571321,Medium
1023,0,0,0.34473370299926637,Medium
1024,1,0,0.14623060734222773,Low
1025,0,1,0.7888611259667864,High
1026,1,1,0.8676068194193175,High
1027,1,1,0.6223741671870663,Medium
1028,1,0,0.4011154188693413,Medium
1029,0,0,0.47900846004141473,Medium
1030,0,0,0.261512052229673,Low
1031,0,0,0.46454654902153464,Medium
1032,0,1,0.7042545078221705,High
1033,1,1,0.6403998463181407,Medium
1034,1,1,0.551824072272311,Medium
1035,1,1,0.8166538923311579,High
1036,1,0,0.4125178009888609,Medium
1037,1,0,0.344491965624188,Medium
1038,0,0,0.37507573680318224,Medium
1039,0,0,0.42972033439044494,Medium
1040,0,0,0.42016373029810056,Medium
1041,0,0,0.3483273703066002,Medium
1042,1,0,0.4591593755627698,Medium
1043,0,0,0.20262571617472544,Low
1044,1,1,0.7781666360579012,High
1045,1,1,0.5926584803896533,Medium
1046,0,0,0.4021436060727332,Medium
1047,0,0,0.17263051512175,Low
1048,0,0,0.4848738135052013,Medium
1049,1,1,0.6731269476158505,Medium
1050,1,1,0.5357415830047351,Medium
1051,0,0,0.49455129523746894,Medium
1052,0,1,0.5092460056963758,Medium
1053,1,1,0.6805825224290603,Medium
1054,1,1,0.5531209078575361,Medium
1055,1,1,0.6830375664603789,Medium
1056,0,1,0.5512181148645555,Medium
1057,0,0,0.3996021827581858,Medium
1058,0,0,0.1511659314114261,Low
1059,1,1,0.6850084232656679,Medium
1060,1,0,0.49888081732018774,Medium
1061,0,0,0.49840079677881466,Medium
1062,1,0,0.43533244459565784,Medium
1063,0,0,0.37942452754580286,Medium
1064,0,1,0.6396990677273829,Medium
1065,0,1,0.5029171171733628,Medium
1066,0,1,0.5207316309627681,Medium
1067,0,0,0.30232865423100935,Medium
1068,1,1,0.8637453016943011,High
1069,1,1,0.6889428215553979,Medium
1070,0,0,0.26008975952710284,Low
1071,0,0,0.18750930491278092,Low
1072,1,0,0.40317726263391934,Medium
1073,1,1,0.5734951641949091,Medium
1074,0,0,0.17385983676987132,Low
1075,1,0,0.3870395441827384,Medium
1076,1,1,0.7583938750420763,High
1077,1,0,0.3927865521725053,Medium
1078,1,1,0.7209558261446501,High
1079,0,0,0.2869724694093485,Low
1080,0,0,0.4294942485690749,Medium
1081,1,1,0.695182371673489,Medium
1082,1,1,0.5081888442826253,Medium
1083,0,0,0.4081504223273335,Medium
1084,0,0,0.4459487580228697,Medium
1085,1,1,0.5203346940822228,Medium
1086,1,0,0.3613139173114753,Medium
1087,1,1,0.7259359889971911,High
1088,0,1,0.5163411204786992,Medium
1089,1,0,0.2994358235310355,Low
1090,1,0,0.21145018753837758,Low
1091,1,1,0.5190464951993201,Medium
1092,0,0,0.311697833397539,Medium
1093,1,0,0.4802066682019217,Medium
1094,0,0,0.29279831791124317,Low
1095,0,1,0.5838665334836273,Medium
1096,0,0,0.21003067520983987,Low
1097,1,1,0.7697385542277463,High
1098,1,0,0.43851966192611336,Medium
1099,0,1,0.6861962011517138,Medium
1100,1,1,0.613509456111547,Medium
1101,0,0,0.13466294313712412,Low
1102,0,0,0.27743377237000266,Low
1103,1,1,0.514845620040475,Medium
1104,0,0,0.48965993739257424,Medium
1105,1,0,0.4514213317403089,Medium
1106,0,0,0.4190228107957628,Medium
1107,0,0,0.49860707181912256,Medium
1108,1,1,0.84399223095378,High
1109,0,0,0.30903783673372687,Medium
1110,0,0,0.470958191274412,Medium
1111,0,0,0.38413677693910936,Medium
1112,0,0,0.41969243760292696,Medium
1113,1,0,0.36104992552301873,Medium
1114,0,0,0.28337843242028066,Low
1115,0,0,0.19694467334457116,Low
1116,0,0,0.3534202249999925,Medium
1117,1,0,0.46029806252408517,Medium
1118,1,1,0.5904464806275456,Medium
1119,0,0,0.24897742028897063,Low
1120,1,1,0.6203121568458292,Medium
1121,0,0,0.4160381971529721,Medium
1122,1,0,0.14249582743151387,Low
1123,0,0,0.3859191998347699,Medium
1124,0,0,0.20351966829813087,Low
1125,1,0,0.20782070945164066,Low
1126,0,0,0.4171072407841952,Medium
1127,0,0,0.3321398765432535,Medium
1128,0,0,0.3785394847899206,Medium
1129,1,1,0.8239548551461547,High
1130,1,1,0.9740061360224246,High
1131,0,0,0.33683420176590684,Medium
1132,1,0,0.30075352134826927,Medium
1133,1,1,0.9365351096252631,High
1134,1,1,0.9304623822874661,High
1135,1,1,0.5163554977799288,Medium
1136,0,0,0.4215652357926506,Medium
1137,0,0,0.3551144356034551,Medium
1138,1,1,0.5544470019754814,Medium
1139,1,0,0.47791152929580977,Medium
1140,0,1,0.5910595209583795,Medium
1141,0,0,0.06428971582516176,Low
1142,0,0,0.361908830609107,Medium
1143,1,1,0.5984454227808215,Medium
1144,1,0,0.21049567808322908,Low
1145,1,0,0.35443592142326935,Medium
1146,1,0,0.4608008297005039,Medium
1147,1,1,0.5627756303162315,Medium
1148,0,0,0.44703102108122744,Medium
1149,1,0,0.49104941538265223,Medium
1150,1,0,0.2686128391024404,Low
1151,0,0,0.4694961285450523,Medium
1152,1,0,0.49529975149016986,Medium
1153,1,1,0.6323758954719833,Medium
1154,0,0,0.15456876419496454,Low
1155,0,0,0.343538392232311,Medium
1156,0,0,0.35256550579956353,Medium
1157,1,1,0.7323658382523823,High
1158,0,1,0.5110093695826099,Medium
1159,0,0,0.48237762817996227,Medium
1160,1,1,0.8533518767542609,High
1161,0,0,0.4070613890266569,Medium
1162,1,1,0.8531635255027776,High
1163,0,1,0.9099714121204706,High
1164,1,1,0.7252555887267799,High
1165,0,1,0.5298557105560323,Medium
1166,0,1,0.5204152444381587,Medium
1167,0,0,0.21776875443885504,Low
1168,1,1,0.962059755246591,High
1169,1,1,0.5309392220089685,Medium
1170,0,0,0.40210253555998554,Medium
1171,0,0,0.44589397374021383,Medium
1172,0,0,0.19119692714695172,Low
1173,1,1,0.5477508841496963,Medium
1174,1,1,0.6645509726206948,Medium
1175,0,1,0.7320414256695673,High
1176,1,1,0.8438256041379373,High
1177,0,1,0.861208962093315,High
1178,1,1,0.5524254513557946,Medium
1179,0,0,0.39218801692128585,Medium
1180,0,0,0.2773710129816969,Low
1181,0,0,0.21495874853260002,Low
1182,0,0,0.37469210635362327,Medium
1183,0,0,0.4882272487926642,Medium
1184,0,0,0.3894876812112175,Medium
1185,0,0,0.4307972392318153,Medium
1186,0,0,0.3488898153001534,Medium
1187,1,1,0.5030482811895225,Medium
1188,1,0,0.37352914281159116,Medium
1189,0,0,0.3542019633979561,Medium
1190,1,1,0.6527322827575688,Medium
1191,0,0,0.2933772610852693,Low
1192,0,1,0.5571170575770514,Medium
1193,1,1,0.5390116420243459,Medium
1194,0,1,0.746063453731385,High
1195,0,1,0.6255555398913362,Medium
1196,0,1,0.5355177802833788,Medium
1197,0,0,0.3705915052361608,Medium
1198,1,1,0.9274163451167791,High
1199,1,1,0.6064248316462157,Medium
1200,1,1,0.7309775655069024,High
1201,1,0,0.18133759728908372,Low
1202,0,0,0.4468009390529827,Medium
1203,0,0,0.11226138300308983,Low
1204,1,1,0.68264463860553,Medium
1205,0,1,0.5056499160799246,Medium
1206,1,1,0.9032165899053156,High
1207,0,0,0.19947587944054618,Low
1208,1,0,0.4738059390087453,Medium
1209,0,0,0.18948562690021217,Low
1210,1,1,0.9307624868113938,High
1211,1,0,0.3534958577896964,Medium
1212,0,0,0.47227298235770354,Medium
1213,0,0,0.4124985435155722,Medium
1214,1,1,0.776432325007956,High
1215,0,1,0.6336712848286324,Medium
1216,0,0,0.22142856163110725,Low
1217,0,0,0.21498159164986333,Low
1218,0,0,0.4899006499230659,Medium
1219,0,0,0.47740721729696267,Medium
1220,1,1,0.562873905684,Medium
1221,1,1,0.8336028724662384,High
1222,0,0,0.4479476044697423,Medium
1223,1,1,0.7921119704070974,High
1224,1,0,0.15453597085893592,Low
1225,1,1,0.7808019335156939,High
1226,0,0,0.30767063625228036,Medium
1227,0,0,0.3616415181874803,Medium
1228,0,0,0.37678727414925556,Medium
1229,0,0,0.22174585279145834,Low
1230,1,0,0.18418889253315862,Low
1231,0,0,0.39425618788267774,Medium
1232,0,0,0.18880385487647827,Low
1233,0,1,0.5392552122103036,Medium
1234,0,0,0.4202187935006056,Medium
1235,0,0,0.30948305816123567,Medium
1236,0,0,0.28100409305224283,Low
1237,1,1,0.6723654827934795,Medium
1238,1,1,0.9609219078442535,High
1239,0,0,0.3462084707929628,Medium
1240,1,0,0.4286414911126002,Medium
1241,0,0,0.1658208072999169,Low
1242,1,1,0.5618565547083595,Medium
1243,1,0,0.4743093613696517,Medium
1244,0,0,0.47924293373957566,Medium
1245,1,1,0.6314226377453391,Medium
1246,0,1,0.5135176469537123,Medium
1247,0,1,0.9106989480703822,High
1248,0,1,0.5026260180004972,Medium
1249,1,0,0.45816720738168487,Medium
1250,1,1,0.8859082734333622,High
1251,0,0,0.21318187589622903,Low
1252,0,0,0.49198112245323067,Medium
1253,0,0,0.1945750563029865,Low
1254,1,0,0.3425227002387809,Medium
1255,1,1,0.7716481232389968,High
1256,0,0,0.2679280423647989,Low
1257,1,1,0.5038746596911686,Medium
1258,0,0,0.42090517472803274,Medium
1259,0,0,0.44922323198977826,Medium
1260,0,0,0.44786139676259684,Medium
1261,0,0,0.3518596817311151,Medium
1262,0,0,0.4333167401707116,Medium
1263,1,0,0.2932463187040191,Low
1264,0,1,0.5300969450882591,Medium
1265,0,0,0.3381230703675044,Medium
1266,1,0,0.39244933617418065,Medium
1267,1,1,0.6487560415352132,Medium
1268,0,0,0.4305292281766013,Medium
1269,0,0,0.3734722830359346,Medium
1270,0,0,0.3954524734581913,Medium
1271,1,1,0.9207843732629518,High
1272,0,0,0.4058723639204982,Medium
1273,1,1,0.7162066343638818,High
1274,0,0,0.41436250955473114,Medium
1275,0,1,0.5136052901881892,Medium
1276,0,0,0.37666326726721144,Medium
1277,0,0,0.2367125112079277,Low
1278,1,1,0.8828673296545436,High
1279,0,0,0.32435152048701116,Medium
1280,0,0,0.1903154284607866,Low
1281,0,0,0.17029237112280796,Low
1282,1,0,0.3707485906077855,Medium
1283,0,0,0.3287793921692407,Medium
1284,1,0,0.2955771064476846,Low
1285,0,1,0.5549184546327558,Medium
1286,1,0,0.22537985195104968,Low
1287,1,1,0.6028767578847546,Medium
1288,0,0,0.4879327448842432,Medium
1289,0,0,0.2930522124759943,Low
1290,1,0,0.3940620595857126,Medium
1291,1,1,0.5831822069572302,Medium
1292,1,1,0.5780544520352116,Medium
1293,0,0,0.32914976650254896,Medium
1294,1,1,0.8454890602322199,High
1295,1,1,0.8710040431255467,High
1296,0,1,0.5291666244562573,Medium
1297,0,1,0.532794840931238,Medium
1298,1,1,0.519421108126052,Medium
1299,0,0,0.09815191161456113,Low
1300,0,1,0.5616272007867125,Medium
1301,1,1,0.9479845721726734,High
1302,1,0,0.4137937803338104,Medium
1303,0,0,0.3990713931165044,Medium
1304,0,1,0.5599733206945113,Medium
1305,0,0,0.4162845209096911,Medium
1306,1,1,0.801038485844602,High
1307,0,0,0.4256716989896536,Medium
1308,0,1,0.5056765001280898,Medium
1309,1,1,0.6906549951199721,Medium
1310,0,0,0.21580075307773247,Low
1311,1,0,0.48111116577798724,Medium
1312,1,1,0.9092870346318463,High
1313,0,0,0.1981335814911966,Low
1314,1,0,0.4420779181978428,Medium
1315,1,0,0.20435037279557136,Low
1316,0,0,0.22070296443371096,Low
1317,0,0,0.36919769822440807,Medium
1318,1,1,0.5105310234103893,Medium
1319,0,0,0.38737279919577755,Medium
1320,0,0,0.4740418653783863,Medium
1321,1,1,0.7772972114730071,High
1322,1,1,0.9294018993856443,High
1323,1,1,0.7577983194084297,High
1324,1,1,0.631441191729135,Medium
1325,0,1,0.5038186763582552,Medium
1326,1,1,0.7626468336932569,High
1327,0,0,0.18747717389124316,Low
1328,0,0,0.21497472471312198,Low
1329,0,0,0.21801329091266716,Low
1330,1,1,0.7518782361594002,High
1331,1,1,0.5656692551534435,Medium
1332,0,0,0.486008983367616,Medium
1333,0,0,0.20970422208104633,Low
1334,1,1,0.8279771174322788,High
1335,0,0,0.21270594349972854,Low
1336,1,1,0.5197591019127585,Medium
1337,1,1,0.9830018802035808,High
1338,1,0,0.30478809889591,Medium
1339,0,0,0.48074541792941783,Medium
1340,1,1,0.8390908851389792,High
1341,0,1,0.6290098603282656,Medium
1342,1,0,0.3347097797855739,Medium
1343,1,1,0.6281415855100498,Medium
1344,0,0,0.4794555040348388,Medium
1345,0,0,0.27246145020252194,Low
1346,0,0,0.45518078408096246,Medium
1347,1,1,0.8273133794886177,High
1348,1,1,0.8603560545373046,High
1349,0,0,0.4421873856701973,Medium
1350,0,0,0.3709154049530767,Medium
1351,1,1,0.8842226329015193,High
1352,0,0,0.41895067079906434,Medium
1353,1,0,0.32072012393469534,Medium
1354,0,0,0.2007797725181238,Low
1355,0,0,0.15712016433241613,Low
1356,1,0,0.48889301524263273,Medium
1357,1,0,0.4810162382310789,Medium
1358,0,0,0.15188126122135917,Low
1359,1,0,0.4369786853343312,Medium
1360,0,0,0.31376504809012046,Medium
1361,1,1,0.980122057336595,High
1362,1,1,0.5381772824092298,Medium
1363,1,1,0.5314912214929582,Medium
1364,1,1,0.8199623733387228,High
1365,1,0,0.31297313428234735,Medium
1366,0,0,0.23781518136854266,Low
1367,1,0,0.46096987513100124,Medium
1368,0,1,0.9304770443300572,High
1369,1,1,0.5643084031993192,Medium
1370,0,0,0.21874378514727869,Low
1371,1,1,0.8326073596849252,High
1372,1,0,0.48098045097301406,Medium
1373,1,0,0.3731907901178458,Medium
1374,1,1,0.6517396378593131,Medium
1375,0,0,0.4138366902325589,Medium
1376,1,1,0.9852759430815343,High
1377,1,1,0.5055322489572462,Medium
1378,0,0,0.11800487916885719,Low
1379,0,0,0.25537817774014354,Low
1380,0,0,0.29126956427415096,Low
1381,1,1,0.5138117029907949,Medium
1382,0,1,0.6671698004559581,Medium
1383,0,0,0.4446392851266551,Medium
1384,1,1,0.6291359837303795,Medium
1385,0,1,0.539580183804359,Medium
1386,1,0,0.49655929909823293,Medium
1387,1,1,0.8643538076440692,High
1388,1,1,0.6382367917474917,Medium
1389,0,1,0.7259834476033694,High
1390,1,1,0.7179952188079084,High
1391,1,1,0.5621503862786235,Medium
1392,1,0,0.34557852211807666,Medium
1393,1,1,0.9251768595535548,High
1394,0,1,0.6014385019170765,Medium
1395,1,0,0.4248058638732675,Medium
1396,1,1,0.6956062814384787,Medium
1397,1,1,0.9154385285906783,High
1398,1,1,0.5709140693292518,Medium
1399,1,1,0.868750165000514,High
1400,0,0,0.17355922270250906,Low
1401,1,1,0.581144533354929,Medium
1402,1,1,0.6066788063561006,Medium
1403,1,0,0.3293028603526092,Medium
1404,0,0,0.44084805590308257,Medium
1405,1,0,0.4138832334189254,Medium
1406,0,0,0.39545268063208155,Medium
1407,1,0,0.29048468948831113,Low
1408,1,0,0.4850096133481394,Medium
1409,0,0,0.14697343524868223,Low
1410,1,1,0.6192848861241473,Medium
1411,1,1,0.5682693587292126,Medium
1412,0,0,0.37554393590768864,Medium
1413,1,1,0.939147805676378,High
1414,0,0,0.39784810130694204,Medium
1415,0,0,0.374090692867449,Medium
1416,0,0,0.025190234538658075,Low
1417,0,1,0.5762320101762604,Medium
1418,0,0,0.2906146395462823,Low
1419,0,1,0.5049543896131107,Medium
1420,0,0,0.44466995441607027,Medium
1421,0,0,0.3614778222194677,Medium
1422,1,1,0.9524734027008838,High
1423,0,0,0.2269305017776134,Low
1424,0,0,0.2271245378375964,Low
1425,1,0,0.4582413777323437,Medium
1426,1,1,0.9536593708011353,High
1427,1,1,0.7004137745252468,High
1428,0,0,0.37865662151976826,Medium
1429,1,1,0.684217735380922,Medium
1430,0,1,0.7876783279167453,High
1431,1,1,0.8287595037081498,High
1432,0,0,0.22782576578279817,Low
1433,0,0,0.3865895762481476,Medium
1434,1,1,0.9546742508920513,High
1435,1,1,0.8398992027476335,High
1436,0,0,0.35820119485008844,Medium
1437,1,1,0.6053501694316246,Medium
1438,0,0,0.4904172222182636,Medium
1439,1,0,0.49410691039423205,Medium
1440,0,0,0.2879051056040702,Low
1441,1,1,0.605150004088539,Medium
1442,1,1,0.8989026239655727,High
1443,1,0,0.43663895534496444,Medium
1444,0,0,0.18688518661139658,Low
1445,0,0,0.3817698484980009,Medium
1446,1,1,0.6195466984474384,Medium
1447,1,1,0.9423994426031094,High
1448,1,1,0.5117764691514063,Medium
1449,1,1,0.6375560077488257,Medium
1450,0,0,0.47073462270878125,Medium
1451,0,0,0.31452302631858897,Medium
1452,0,0,0.332284100142371,Medium
1453,0,0,0.404279464574582,Medium
1454,1,1,0.6109996912531275,Medium
1455,1,1,0.8972027865045109,High
1456,0,0,0.3839598543220806,Medium
1457,1,1,0.503691092716577,Medium
1458,1,1,0.5046008765666286,Medium
1459,1,0,0.43845171529819915,Medium
1460,0,0,0.30518836660281956,Medium
1461,0,1,0.5316031955856741,Medium
1462,0,0,0.2242564685163587,Low
1463,1,1,0.9441666824598429,High
1464,0,0,0.3710674078140793,Medium
1465,1,1,0.5088163087869705,Medium
1466,1,0,0.42942736891719246,Medium
1467,0,0,0.3787444442495028,Medium
1468,0,0,0.3920589476732306,Medium
1469,0,0,0.45277232835205344,Medium
1470,0,0,0.4296343068968008,Medium
1471,1,1,0.936932445680096,High
1472,1,1,0.844912685469029,High
1473,0,1,0.9871945432156691,High
1474,0,1,0.5456485206818503,Medium
1475,0,0,0.48877378899406915,Medium
1476,1,1,0.9318327785582574,High
1477,1,0,0.4306911362238296,Medium
1478,0,1,0.5373807725919135,Medium
1479,1,1,0.6890882253546345,Medium
1480,1,1,0.5214677242044257,Medium
1481,0,0,0.4260537599175559,Medium
1482,0,0,0.34143306590066497,Medium
1483,0,0,0.3839510946996903,Medium
1484,0,0,0.37939229175107986,Medium
1485,0,0,0.342093433629907,Medium
1486,1,1,0.6458083874977738,Medium
1487,0,0,0.40919922721738616,Medium
1488,0,0,0.49465863698999674,Medium
1489,0,1,0.5736972501802439,Medium
1490,1,1,0.7728244395919391,High
1491,0,1,0.6320838543670815,Medium
1492,1,0,0.20758562502093217,Low
1493,1,1,0.8569766836392774,High
1494,0,0,0.36911013198416126,Medium
1495,1,0,0.3720846363359446,Medium
1496,0,0,0.428095379280439,Medium
1497,0,0,0.2473760822620839,Low
1498,0,1,0.6207456236060694,Medium
1499,0,1,0.5094626392899999,Medium
1500,0,1,0.6047978144435782,Medium
1501,1,1,0.5325886453009199,Medium
1502,0,0,0.30385157926185413,Medium
1503,1,1,0.8680019554964031,High
1504,1,0,0.4136620519373073,Medium
1505,1,1,0.8179225060749485,High
1506,1,1,0.5459668500973456,Medium
1507,1,1,0.5592480713253516,Medium
1508,1,1,0.6399056740123996,Medium
1509,0,0,0.4501964407837193,Medium
1510,1,1,0.5784316900449233,Medium
1511,1,1,0.6291709197848191,Medium
1512,1,1,0.5733316411182704,Medium
1513,0,0,0.36301222959616647,Medium
1514,1,1,0.9241417179910374,High
1515,1,1,0.5187753466948015,Medium
1516,0,0,0.3356293710760301,Medium
1517,0,0,0.3276383265165924,Medium
1518,1,1,0.8563752522191097,High
1519,1,1,0.9718752848000036,High
1520,1,0,0.4160734376607774,Medium
1521,0,0,0.49395163803469155,Medium
1522,1,1,0.8721870023955747,High
1523,1,0,0.457403679560009,Medium
1524,0,1,0.5506956917551467,Medium
1525,1,0,0.4783095129809938,Medium
1526,1,0,0.3732471515258263,Medium
1527,1,1,0.7722005499111186,High
1528,1,1,0.7654760280015183,High
1529,1,0,0.3281307656452557,Medium
1530,1,1,0.5407710815386976,Medium
1531,0,0,0.44042948602330406,Medium
1532,0,0,0.4680023243028954,Medium
1533,1,1,0.6882036467723462,Medium
1534,0,1,0.7141284369576696,High
1535,1,1,0.7719293569099612,High
1536,0,0,0.21557988183802543,Low
1537,0,1,0.7196999729752,High
1538,0,0,0.45544970670586843,Medium
1539,0,0,0.45189628420621464,Medium
1540,1,1,0.9355270537244247,High
1541,0,0,0.2023128081020471,Low
1542,1,0,0.22081337271881069,Low
1543,1,0,0.29994977321146754,Low
1544,1,1,0.7444986416572208,High
1545,0,0,0.22025178506521179,Low
1546,1,1,0.5432815474247532,Medium
1547,0,0,0.4561896238217393,Medium
1548,1,1,0.7877929637630734,High
1549,0,0,0.4857276987553774,Medium
1550,1,0,0.45908917414369793,Medium
1551,1,0,0.48631213693613073,Medium
1552,0,0,0.19820864909672808,Low
1553,0,0,0.17908847764752195,Low
1554,1,1,0.5213687792120585,Medium
1555,1,1,0.7181460289235754,High
1556,0,0,0.4005029947667161,Medium
1557,0,0,0.26799422345752055,Low
1558,0,0,0.4056625490098346,Medium
1559,1,1,0.6215692649579457,Medium
1560,0,0,0.37335472258155505,Medium
1561,1,1,0.8643513147498381,High
1562,0,0,0.32792979332640654,Medium
